<?xml version="1.0" encoding="UTF-8" ?>
<templates id="template" xml:space="preserve">
    <t t-extend="website.slides.fullscreen.content">
        <t t-jquery="t:last" t-operation="after">
            <t t-if="widget.get('slide').type === 'scorm'">
                <div class="player embed-responsive embed-responsive-16by9 embed-responsive-item h-100">
                    <iframe t-att-src="widget.get('slide').embedUrl" allowFullScreen="true" frameborder="0"></iframe>
                </div>
            </t>
        </t>
    </t>
</templates>
